{
    "knots": [
        0.0, 
        1.0, 
        2.0, 
        3.0, 
        4.0, 
        5.0, 
        6.0, 
        7.0, 
        8.0, 
        9.0, 
        10.0, 
        11.0, 
        12.0, 
        13.0, 
        14.0, 
        15.0, 
        16.0, 
        17.0, 
        18.0, 
        19.0, 
        20.0, 
        21.0, 
        22.0
    ], 
    "form": 0, 
    "overrideColorRGB": [
        0.0, 
        0.0, 
        0.0
    ], 
    "overrideColor": 0, 
    "overrideEnabled": false, 
    "pivot": [
        0.0, 
        0.0, 
        0.0
    ], 
    "degree": 1, 
    "overrideRGBColors": false, 
    "name": "barbell", 
    "cvs": [
        [
            -1.4695761589768238e-16, 
            -1.2, 
            0.0
        ], 
        [
            -0.23511400000000016, 
            -1.276393, 
            0.0
        ], 
        [
            -0.3804230000000002, 
            -1.476393, 
            0.0
        ], 
        [
            -0.38042300000000023, 
            -1.723607, 
            0.0
        ], 
        [
            -0.2351140000000002, 
            -1.923607, 
            0.0
        ], 
        [
            -2.4492935982947064e-16, 
            -2.0, 
            0.0
        ], 
        [
            0.23511399999999977, 
            -1.923607, 
            0.0
        ], 
        [
            0.3804229999999998, 
            -1.723607, 
            0.0
        ], 
        [
            0.38042299999999984, 
            -1.476393, 
            0.0
        ], 
        [
            0.23511399999999982, 
            -1.276393, 
            0.0
        ], 
        [
            -1.4695761589768238e-16, 
            -1.2, 
            0.0
        ], 
        [
            0.0, 
            0.0, 
            0.0
        ], 
        [
            0.0, 
            1.2, 
            0.0
        ], 
        [
            -0.235114, 
            1.276393, 
            0.0
        ], 
        [
            -0.380423, 
            1.476393, 
            0.0
        ], 
        [
            -0.380423, 
            1.723607, 
            0.0
        ], 
        [
            -0.235114, 
            1.923607, 
            0.0
        ], 
        [
            0.0, 
            2.0, 
            0.0
        ], 
        [
            0.235114, 
            1.923607, 
            0.0
        ], 
        [
            0.380423, 
            1.723607, 
            0.0
        ], 
        [
            0.380423, 
            1.476393, 
            0.0
        ], 
        [
            0.235114, 
            1.276393, 
            0.0
        ], 
        [
            0.0, 
            1.2, 
            0.0
        ]
    ], 
    "xform": [
        1.0, 
        0.0, 
        0.0, 
        0.0, 
        0.0, 
        1.0, 
        0.0, 
        0.0, 
        0.0, 
        0.0, 
        1.0, 
        0.0, 
        0.0, 
        0.0, 
        0.0, 
        1.0
    ]
}