{
    "knots": [
        0.0, 
        1.0, 
        2.0, 
        3.0, 
        4.0, 
        5.0, 
        6.0, 
        7.0, 
        8.0, 
        9.0, 
        10.0, 
        11.0, 
        12.0, 
        13.0, 
        14.0, 
        15.0, 
        16.0, 
        17.0, 
        18.0, 
        19.0, 
        20.0, 
        21.0, 
        22.0, 
        23.0, 
        24.0, 
        25.0, 
        26.0, 
        27.0, 
        28.0, 
        29.0
    ], 
    "form": 0, 
    "overrideColorRGB": [
        0.0, 
        0.0, 
        0.0
    ], 
    "overrideColor": 0, 
    "overrideEnabled": false, 
    "pivot": [
        0.0, 
        0.0, 
        0.0
    ], 
    "degree": 1, 
    "overrideRGBColors": false, 
    "name": "circle_arrow", 
    "cvs": [
        [
            -1.084005, 
            0.0, 
            -0.092136
        ], 
        [
            -0.791121, 
            0.0, 
            -0.955956
        ], 
        [
            -0.707107, 
            0.0, 
            -0.707107
        ], 
        [
            -0.570265, 
            0.0, 
            -0.843948
        ], 
        [
            -0.205819, 
            0.0, 
            -1.040044
        ], 
        [
            0.405223, 
            0.0, 
            -0.978634
        ], 
        [
            0.881027, 
            0.0, 
            -0.588697
        ], 
        [
            1.059487, 
            0.0, 
            0.0
        ], 
        [
            0.881027, 
            0.0, 
            0.588697
        ], 
        [
            0.405223, 
            0.0, 
            0.978634
        ], 
        [
            -0.205819, 
            0.0, 
            1.040044
        ], 
        [
            -0.570265, 
            0.0, 
            0.843948
        ], 
        [
            -0.707107, 
            0.0, 
            0.707107
        ], 
        [
            -0.791121, 
            0.0, 
            0.955956
        ], 
        [
            -1.084005, 
            0.0, 
            0.092136
        ], 
        [
            -0.315189, 
            0.0, 
            0.413069
        ], 
        [
            -0.540989, 
            0.0, 
            0.540989
        ], 
        [
            -0.436294, 
            0.0, 
            0.645682
        ], 
        [
            -0.157467, 
            0.0, 
            0.79571
        ], 
        [
            0.310025, 
            0.0, 
            0.748727
        ], 
        [
            0.67405, 
            0.0, 
            0.450396
        ], 
        [
            0.810585, 
            0.0, 
            0.0
        ], 
        [
            0.67405, 
            0.0, 
            -0.450396
        ], 
        [
            0.310025, 
            0.0, 
            -0.748727
        ], 
        [
            -0.157467, 
            0.0, 
            -0.79571
        ], 
        [
            -0.436294, 
            0.0, 
            -0.645682
        ], 
        [
            -0.540989, 
            0.0, 
            -0.540989
        ], 
        [
            -0.315189, 
            0.0, 
            -0.413069
        ], 
        [
            -1.084005, 
            0.0, 
            -0.092136
        ], 
        [
            -0.791121, 
            0.0, 
            -0.955956
        ]
    ], 
    "xform": [
        1.0, 
        0.0, 
        0.0, 
        0.0, 
        0.0, 
        1.0, 
        0.0, 
        0.0, 
        0.0, 
        0.0, 
        1.0, 
        0.0, 
        0.0, 
        0.0, 
        0.0, 
        1.0
    ]
}