{
    "knots": [
        0.0, 
        1.0, 
        2.0, 
        3.0, 
        4.0, 
        5.0, 
        6.0, 
        7.0, 
        8.0, 
        9.0, 
        10.0, 
        11.0, 
        12.0, 
        13.0, 
        14.0, 
        15.0, 
        16.0, 
        17.0, 
        18.0, 
        19.0, 
        20.0, 
        21.0, 
        22.0, 
        23.0, 
        24.0, 
        25.0, 
        26.0, 
        27.0, 
        28.0, 
        29.0, 
        30.0, 
        31.0, 
        32.0, 
        33.0, 
        34.0, 
        35.0, 
        36.0, 
        37.0, 
        38.0, 
        39.0, 
        40.0, 
        41.0, 
        42.0, 
        43.0, 
        44.0, 
        45.0, 
        46.0, 
        47.0, 
        48.0, 
        49.0, 
        50.0, 
        51.0, 
        52.0, 
        53.0, 
        54.0, 
        55.0, 
        56.0, 
        57.0, 
        58.0, 
        59.0, 
        60.0, 
        61.0, 
        62.0, 
        63.0, 
        64.0, 
        65.0, 
        66.0, 
        67.0, 
        68.0, 
        69.0, 
        70.0, 
        71.0, 
        72.0, 
        73.0, 
        74.0, 
        75.0, 
        76.0, 
        77.0, 
        78.0, 
        79.0, 
        80.0, 
        81.0, 
        82.0, 
        83.0, 
        84.0, 
        85.0, 
        86.0, 
        87.0, 
        88.0
    ], 
    "form": 0, 
    "overrideColorRGB": [
        0.0, 
        0.0, 
        0.0
    ], 
    "overrideColor": 0, 
    "overrideEnabled": false, 
    "pivot": [
        0.0, 
        0.0, 
        0.0
    ], 
    "degree": 1, 
    "overrideRGBColors": false, 
    "name": "four_circle", 
    "cvs": [
        [
            -5.329070518200751e-16, 
            -1.2, 
            0.0
        ], 
        [
            -0.23511400000000054, 
            -1.276393, 
            0.0
        ], 
        [
            -0.3804230000000007, 
            -1.476393, 
            0.0
        ], 
        [
            -0.3804230000000008, 
            -1.723607, 
            0.0
        ], 
        [
            -0.23511400000000082, 
            -1.923607, 
            0.0
        ], 
        [
            -8.881784197001252e-16, 
            -2.0, 
            0.0
        ], 
        [
            0.23511399999999916, 
            -1.923607, 
            0.0
        ], 
        [
            0.38042299999999923, 
            -1.723607, 
            0.0
        ], 
        [
            0.38042299999999935, 
            -1.476393, 
            0.0
        ], 
        [
            0.23511399999999943, 
            -1.276393, 
            0.0
        ], 
        [
            -5.329070518200751e-16, 
            -1.2, 
            0.0
        ], 
        [
            0.0, 
            0.0, 
            0.0
        ], 
        [
            0.0, 
            1.2, 
            0.0
        ], 
        [
            -0.235114, 
            1.276393, 
            0.0
        ], 
        [
            -0.380423, 
            1.476393, 
            0.0
        ], 
        [
            -0.380423, 
            1.723607, 
            0.0
        ], 
        [
            -0.235114, 
            1.923607, 
            0.0
        ], 
        [
            0.0, 
            2.0, 
            0.0
        ], 
        [
            0.235114, 
            1.923607, 
            0.0
        ], 
        [
            0.380423, 
            1.723607, 
            0.0
        ], 
        [
            0.380423, 
            1.476393, 
            0.0
        ], 
        [
            0.235114, 
            1.276393, 
            0.0
        ], 
        [
            0.0, 
            1.2, 
            0.0
        ], 
        [
            0.235114, 
            1.276393, 
            0.0
        ], 
        [
            0.380423, 
            1.476393, 
            0.0
        ], 
        [
            0.380423, 
            1.723607, 
            0.0
        ], 
        [
            0.235114, 
            1.923607, 
            0.0
        ], 
        [
            0.0, 
            2.0, 
            0.0
        ], 
        [
            -0.235114, 
            1.923607, 
            0.0
        ], 
        [
            -0.380423, 
            1.723607, 
            0.0
        ], 
        [
            -0.380423, 
            1.476393, 
            0.0
        ], 
        [
            -0.235114, 
            1.276393, 
            0.0
        ], 
        [
            0.0, 
            1.2, 
            0.0
        ], 
        [
            0.0, 
            0.0, 
            0.0
        ], 
        [
            -1.2, 
            2.6645352591003756e-16, 
            0.0
        ], 
        [
            -1.276393, 
            -0.2351139999999997, 
            0.0
        ], 
        [
            -1.476393, 
            -0.3804229999999997, 
            0.0
        ], 
        [
            -1.723607, 
            -0.3804229999999996, 
            0.0
        ], 
        [
            -1.923607, 
            -0.23511399999999957, 
            0.0
        ], 
        [
            -2.0, 
            4.440892098500626e-16, 
            0.0
        ], 
        [
            -1.923607, 
            0.2351140000000004, 
            0.0
        ], 
        [
            -1.723607, 
            0.3804230000000004, 
            0.0
        ], 
        [
            -1.476393, 
            0.38042300000000034, 
            0.0
        ], 
        [
            -1.276393, 
            0.23511400000000027, 
            0.0
        ], 
        [
            -1.2000000000000002, 
            2.664535259100376e-16, 
            0.0
        ], 
        [
            -1.2763930000000003, 
            0.23511400000000032, 
            0.0
        ], 
        [
            -1.4763930000000003, 
            0.38042300000000046, 
            0.0
        ], 
        [
            -1.7236070000000003, 
            0.3804230000000005, 
            0.0
        ], 
        [
            -1.9236070000000005, 
            0.23511400000000046, 
            0.0
        ], 
        [
            -2.0000000000000004, 
            4.440892098500628e-16, 
            0.0
        ], 
        [
            -1.9236070000000005, 
            -0.23511399999999963, 
            0.0
        ], 
        [
            -1.7236070000000003, 
            -0.38042299999999973, 
            0.0
        ], 
        [
            -1.4763930000000003, 
            -0.3804229999999998, 
            0.0
        ], 
        [
            -1.2763930000000003, 
            -0.23511399999999977, 
            0.0
        ], 
        [
            -1.2000000000000002, 
            2.6645352591003766e-16, 
            0.0
        ], 
        [
            0.0, 
            0.0, 
            0.0
        ], 
        [
            4.930380657631324e-32, 
            1.2000000000000002, 
            0.0
        ], 
        [
            -0.23511400000000005, 
            1.2763930000000003, 
            0.0
        ], 
        [
            -0.3804230000000001, 
            1.4763930000000003, 
            0.0
        ], 
        [
            -0.3804230000000001, 
            1.7236070000000003, 
            0.0
        ], 
        [
            -0.23511400000000005, 
            1.9236070000000005, 
            0.0
        ], 
        [
            9.860761315262648e-32, 
            2.0000000000000004, 
            0.0
        ], 
        [
            0.23511400000000005, 
            1.9236070000000005, 
            0.0
        ], 
        [
            0.3804230000000001, 
            1.7236070000000003, 
            0.0
        ], 
        [
            0.3804230000000001, 
            1.4763930000000003, 
            0.0
        ], 
        [
            0.23511400000000005, 
            1.2763930000000003, 
            0.0
        ], 
        [
            4.930380657631324e-32, 
            1.2000000000000002, 
            0.0
        ], 
        [
            0.23511400000000005, 
