{
    "knots": [
        0.0, 
        1.0, 
        2.0, 
        3.0, 
        4.0, 
        5.0, 
        6.0, 
        7.0, 
        8.0, 
        9.0, 
        10.0, 
        11.0, 
        12.0, 
        13.0, 
        14.0, 
        15.0, 
        16.0, 
        17.0, 
        18.0, 
        19.0, 
        20.0, 
        21.0, 
        22.0, 
        23.0, 
        24.0, 
        25.0, 
        26.0, 
        27.0, 
        28.0, 
        29.0, 
        30.0, 
        31.0, 
        32.0
    ], 
    "form": 0, 
    "overrideColorRGB": [
        0.0, 
        0.0, 
        0.0
    ], 
    "overrideColor": 0, 
    "overrideEnabled": false, 
    "pivot": [
        0.0, 
        0.0, 
        0.0
    ], 
    "degree": 1, 
    "overrideRGBColors": false, 
    "name": "four_arrow_curved", 
    "cvs": [
        [
            0.0, 
            0.32768142756461927, 
            -0.928571302397316
        ], 
        [
            -0.336638, 
            0.677886, 
            -0.751175
        ], 
        [
            -0.0959835, 
            0.677886, 
            -0.751175
        ], 
        [
            -0.0959835, 
            0.850458, 
            -0.500783
        ], 
        [
            -0.0959835, 
            0.954001, 
            -0.0987656
        ], 
        [
            -0.500783, 
            0.850458, 
            -0.0987656
        ], 
        [
            -0.751175, 
            0.677886, 
            -0.0987656
        ], 
        [
            -0.751175, 
            0.677886, 
            -0.336638
        ], 
        [
            -0.928571302397316, 
            0.32768142756461927, 
            0.0
        ], 
        [
            -0.751175, 
            0.677886, 
            0.336638
        ], 
        [
            -0.751175, 
            0.677886, 
            0.0987656
        ], 
        [
            -0.500783, 
            0.850458, 
            0.0987656
        ], 
        [
            -0.0959835, 
            0.954001, 
            0.0987656
        ], 
        [
            -0.0959835, 
            0.850458, 
            0.500783
        ], 
        [
            -0.0959835, 
            0.677886, 
            0.751175
        ], 
        [
            -0.336638, 
            0.677886, 
            0.751175
        ], 
        [
            0.0, 
            0.32768142756461927, 
            0.928571302397316
        ], 
        [
            0.336638, 
            0.677886, 
            0.751175
        ], 
        [
            0.0959835, 
            0.677886, 
            0.751175
        ], 
        [
            0.0959835, 
            0.850458, 
            0.500783
        ], 
        [
            0.0959835, 
            0.954001, 
            0.0987656
        ], 
        [
            0.500783, 
            0.850458, 
            0.0987656
        ], 
        [
            0.751175, 
            0.677886, 
            0.0987656
        ], 
        [
            0.751175, 
            0.677886, 
            0.336638
        ], 
        [
            0.928571302397316, 
            0.32768142756461927, 
            0.0
        ], 
        [
            0.751175, 
            0.677886, 
            -0.336638
        ], 
        [
            0.751175, 
            0.677886, 
            -0.0987656
        ], 
        [
            0.500783, 
            0.850458, 
            -0.0987656
        ], 
        [
            0.0959835, 
            0.954001, 
            -0.0987656
        ], 
        [
            0.0959835, 
            0.850458, 
            -0.500783
        ], 
        [
            0.0959835, 
            0.677886, 
            -0.751175
        ], 
        [
            0.336638, 
            0.677886, 
            -0.751175
        ], 
        [
            0.0, 
            0.32768142756461927, 
            -0.928571302397316
        ]
    ], 
    "xform": [
        1.0, 
        0.0, 
        0.0, 
        0.0, 
        0.0, 
        1.0, 
        0.0, 
        0.0, 
        0.0, 
        0.0, 
        1.0, 
        0.0, 
        0.0, 
        0.0, 
        0.0, 
        1.0
    ]
}