{
    "knots": [
        0.0, 
        1.0, 
        2.0, 
        3.0, 
        4.0, 
        5.0, 
        6.0, 
        7.0, 
        8.0, 
        9.0, 
        10.0, 
        11.0, 
        12.0, 
        13.0, 
        14.0, 
        15.0, 
        16.0, 
        17.0, 
        18.0, 
        19.0, 
        20.0, 
        21.0, 
        22.0, 
        23.0, 
        24.0, 
        25.0
    ], 
    "form": 0, 
    "overrideColorRGB": [
        0.0, 
        0.0, 
        0.0
    ], 
    "overrideColor": 0, 
    "overrideEnabled": false, 
    "pivot": [
        0.0, 
        0.0, 
        0.0
    ], 
    "degree": 1, 
    "overrideRGBColors": false, 
    "name": "four_arrow_flat", 
    "cvs": [
        [
            -0.20232736113964017, 
            0.0, 
            -0.19597824869222055
        ], 
        [
            -0.20232736113964017, 
            0.0, 
            -0.6047152875596473
        ], 
        [
            -0.20232736113964017, 
            0.0, 
            -0.6047152875596473
        ], 
        [
            -0.4007772028417856, 
            0.0, 
            -0.6011658042626783
        ], 
        [
            0.0, 
            0.0, 
            -1.0019430071044664
        ], 
        [
            0.4007772028417856, 
            0.0, 
            -0.6011658042626783
        ], 
        [
            0.2003886014208928, 
            0.0, 
            -0.6011658042626783
        ], 
        [
            0.2003886014208928, 
            0.0, 
            -0.2003886014208928
        ], 
        [
            0.6011658042626783, 
            0.0, 
            -0.2003886014208928
        ], 
        [
            0.6011658042626783, 
            0.0, 
            -0.4007772028417856
        ], 
        [
            1.0019430071044664, 
            0.0, 
            0.0
        ], 
        [
            0.6011658042626783, 
            0.0, 
            0.4007772028417856
        ], 
        [
            0.6011658042626783, 
            0.0, 
            0.2003886014208928
        ], 
        [
            0.2003886014208928, 
            0.0, 
            0.2003886014208928
        ], 
        [
            0.2003886014208928, 
            0.0, 
            0.6011658042626783
        ], 
        [
            0.4007772028417856, 
            0.0, 
            0.6011658042626783
        ], 
        [
            0.0, 
            0.0, 
            1.0019430071044664
        ], 
        [
            -0.4007772028417856, 
            0.0, 
            0.6011658042626783
        ], 
        [
            -0.2003886014208928, 
            0.0, 
            0.6011658042626783
        ], 
        [
            -0.2003886014208928, 
            0.0, 
            0.2003886014208928
        ], 
        [
            -0.6011658042626783, 
            0.0, 
            0.2003886014208928
        ], 
        [
            -0.6011658042626783, 
            0.0, 
            0.4007772028417856
        ], 
        [
            -1.0019430071044664, 
            0.0, 
            0.0
        ], 
        [
            -0.6011658042626783, 
            0.0, 
            -0.4007772028417856
        ], 
        [
            -0.6011658042626783, 
            0.0, 
            -0.2003886014208928
        ], 
        [
            -0.2003886014208928, 
            0.0, 
            -0.2003886014208928
        ]
    ], 
    "xform": [
        1.0, 
        0.0, 
        0.0, 
        0.0, 
        0.0, 
        1.0, 
        0.0, 
        0.0, 
        0.0, 
        0.0, 
        1.0, 
        0.0, 
        0.0, 
        0.0, 
        0.0, 
        1.0
    ]
}