{
    "knots": [
        15.74575077, 
        15.74575077, 
        15.74575077, 
        15.994336930000003, 
        15.994336930000003, 
        15.994336930000003, 
        16.994336930000003, 
        16.994336930000003, 
        16.994336930000003, 
        17.994336930000003, 
        17.994336930000003, 
        17.994336930000003, 
        18.994336930000003, 
        18.994336930000003, 
        18.994336930000003, 
        19.994336930000003, 
        19.994336930000003, 
        19.994336930000003, 
        20.253014205, 
        20.253014205, 
        20.253014205, 
        20.885202120000002, 
        21.502214874, 
        21.502214874, 
        21.502214874, 
        21.758286319, 
        21.758286319, 
        21.758286319, 
        22.758286319, 
        22.758286319, 
        22.758286319, 
        23.758286319, 
        23.758286319, 
        23.758286319, 
        24.758286319, 
        24.758286319, 
        24.758286319, 
        25.758286319, 
        25.758286319, 
        25.758286319, 
        26.014851715, 
        26.014851715, 
        26.014851715, 
        26.633484611, 
        27.244006169, 
        27.244006169, 
        27.244006169, 
        27.495894293, 
        27.495894293, 
        27.495894293, 
        28.495894293, 
        28.495894293, 
        28.495894293, 
        29.495894293, 
        29.495894293, 
        29.495894293, 
        30.495894293, 
        30.495894293, 
        30.495894293, 
        31.495894293, 
        31.495894293, 
        31.495894293, 
        31.758026583, 
        31.758026583, 
        31.758026583, 
        32.371381249, 
        32.991210664, 
        32.991210664, 
        32.991210664, 
        33.247937674, 
        33.247937674, 
        33.247937674, 
        34.247937674, 
        34.247937674, 
        34.247937674, 
        35.247937674, 
        35.247937674, 
        35.247937674, 
        36.247937674, 
        36.247937674, 
        36.247937674, 
        37.247937674, 
        37.247937674, 
        37.247937674, 
        37.502186904, 
        37.502186904, 
        37.502186904, 
        38.1210905535, 
        38.742038981499995, 
        38.742038981499995, 
        38.742038981499995
    ], 
    "form": 0, 
    "overrideColorRGB": [
        0.0, 
        0.0, 
        0.0
    ], 
    "overrideColor": 17, 
    "overrideEnabled": true, 
    "pivot": [
        0.0, 
        0.0, 
        0.0
    ], 
    "degree": 3, 
    "overrideRGBColors": false, 
    "name": "four_arrow_circle", 
    "cvs": [
        [
            -3.1861322773019694e-15, 
            -14.34906413681026, 
            -4.409342099725369
        ], 
        [
            -3.429515684218414e-15, 
            -15.445165557507321, 
            -4.409342099725368
        ], 
        [
            -1.0758195237111033e-14, 
            -16.541266978204394, 
            -4.409342099725369
        ], 
        [
            -1.1001578644027479e-14, 
            -17.63736839890146, 
            -4.409342099725369
        ], 
        [
            -1.1001578644027479e-14, 
            -17.63736839890146, 
            -5.879122799633823
        ], 
        [
            -1.1001578644027479e-14, 
            -17.63736839890146, 
            -7.348903499542275
        ], 
        [
            -1.1001578644027476e-14, 
            -17.63736839890145, 
            -8.818684199450736
        ], 
        [
            -1.1654292393702695e-14, 
            -20.576929798718364, 
            -5.879122799633825
        ], 
        [
            -1.2307006143377915e-14, 
            -23.51649119853528, 
            -2.939561399816916
        ], 
        [
            -1.2959719893053129e-14, 
            -26.45605259835218, 
            -5.313972109482129e-15
        ], 
        [
            -1.2307006143377915e-14, 
            -23.51649119853528, 
            2.9395613998169043
        ], 
        [
            -1.1654292393702697e-14, 
            -20.57692979871837, 
            5.879122799633815
        ], 
        [
            -1.1001578644027479e-14, 
            -17.63736839890146, 
            8.818684199450724
        ], 
        [
            -1.1001578644027479e-14, 
            -17.63736839890146, 
            7.348903499542271
        ], 
        [
            -1.1001578644027476e-14, 
            -17.63736839890145, 
            5.879122799633815
        ], 
        [
            -1.1001578644027479e-14, 
            -17.63736839890146, 
            4.409342099725362
        ], 
        [
            -1.0748315322845953e-14, 
            -16.496771800001724, 
            4.409342099725362
        ], 
        [
            -3.4097558556882547e-15, 
            -15.35617520110199, 
            4.409342099725362
        ], 
        [
            -3.183826176328609e-15, 
            -14.338678381325954, 
            4.258412639428561
        ], 
        [
            -3.0255575554135152e-15, 
            -13.625899879148296, 
            6.632858531932508
        ], 
        [
            -2.4593565793576913e-15, 
            -11.075957374366476, 
            10.992026215761804
        ], 
        [
            -1.496248499792991e-15, 
            -6.738504186121378, 
            13.563683216127812
        ], 
        [
            -9.790706245128273e-16, 
            -4.409342099725368, 
            14.250048589973437
        ], 
        [
            -9.790706245128273e-16, 
            -4.409342099725368, 
            15.379155192949444
        ], 
        [
            -9.790706245128273e-16, 
            -4.409342099725368, 
            16.508261795925453
        ], 
        [
            -9.790706245128273e-16, 
            -4.409342099725368, 
            17.63736839890146
        ], 
        [
            -1.3054274993504364e-15, 
            -5.879122799633824, 
            17.63736839890146
        ], 
        [
            -1.6317843741880455e-15, 
            -7.3489034995422795, 
            17.63736839890146
        ], 
        [
            -1.9581412490256547e-15, 
            -8.818684199450736, 
            17.637368398901458
        ], 
        [
            -1.3054274993504364e-15, 
            -5.879122799633824, 
            20.57692979871837
        ], 
        [
            -6.527137496752193e-16, 
            -2.9395613998169168, 
            23.51649119853528
        ], 
        [
            -1.3043841000819255e-30, 
            -5.874423747076959e-15, 
            26.45605259835218
        ], 
        [
            6.527137496752161e-16, 
            2.9395613998169026, 
            23.51649119853528
        ], 
        [
            1.3054274993504344e-15, 
            5.879122799633815, 
            20.576929798718375
        ], 
        [
            1.958141249025652e-15, 
            8.818684199450724, 
            17.63736839890146
        ], 
        [
            1.6317843741880433e-15, 
            7.34890349954227, 
            17.63736839890146
        ], 
        [
            1.3054274993504346e-15, 
            5.879122799633816, 
            17.63736839890146
        ], 
        [
            9.79070624512826e-16, 
            4.409342099725362, 
            17.63736839890146
        ], 
        [
            9.79070624512826e-16, 
            4.409342099725362, 
            16.50608379698595
        ], 
        [
            9.79070624512826e-16, 
            4.409342099725362, 
            15.374799195070437
        ], 
        [
            9.794192488102774e-16, 
            4.410912163981457, 
            14.292033830349082
        ], 
        [
            1.4937496397044942e-15, 
            6.727250320757973, 
            13.57035079425539
        ], 
        [
            2.4419090041961062e-15, 
            10.997380481370243, 
            11.042242871704955
        ], 
        [
            3.0057975782066727e-15, 
            13.53690885316271, 
            6.783533160334711
        ], 
        [
            3.176433709435173e-15, 
