{
    "knots": [
        0.0, 
        1.0, 
        2.0, 
        3.0, 
        4.0, 
        5.0, 
        6.0, 
        7.0, 
        8.0, 
        9.0, 
        10.0, 
        11.0
    ], 
    "form": 0, 
    "overrideColorRGB": [
        0.0, 
        0.0, 
        0.0
    ], 
    "overrideColor": 0, 
    "overrideEnabled": false, 
    "pivot": [
        0.0, 
        0.0, 
        0.0
    ], 
    "degree": 1, 
    "overrideRGBColors": false, 
    "name": "lollipop", 
    "cvs": [
        [
            0.0, 
            0.0, 
            0.0
        ], 
        [
            0.0, 
            1.2, 
            0.0
        ], 
        [
            -0.235114, 
            1.276393, 
            0.0
        ], 
        [
            -0.380423, 
            1.476393, 
            0.0
        ], 
        [
            -0.380423, 
            1.723607, 
            0.0
        ], 
        [
            -0.235114, 
            1.923607, 
            0.0
        ], 
        [
            0.0, 
            2.0, 
            0.0
        ], 
        [
            0.235114, 
            1.923607, 
            0.0
        ], 
        [
            0.380423, 
            1.723607, 
            0.0
        ], 
        [
            0.380423, 
            1.476393, 
            0.0
        ], 
        [
            0.235114, 
            1.276393, 
            0.0
        ], 
        [
            0.0, 
            1.2, 
            0.0
        ]
    ], 
    "xform": [
        1.0, 
        0.0, 
        0.0, 
        0.0, 
        0.0, 
        1.0, 
        0.0, 
        0.0, 
        0.0, 
        0.0, 
        1.0, 
        0.0, 
        0.0, 
        0.0, 
        0.0, 
        1.0
    ]
}