{
    "knots": [
        0.0, 
        0.0, 
        0.0, 
        1.0, 
        2.0, 
        3.0, 
        4.0, 
        5.0, 
        6.0, 
        7.0, 
        8.0, 
        9.0, 
        10.0, 
        11.0, 
        12.0, 
        13.0, 
        13.0, 
        13.0
    ], 
    "form": 0, 
    "overrideColorRGB": [
        0.0, 
        0.0, 
        0.0
    ], 
    "overrideColor": 0, 
    "overrideEnabled": false, 
    "pivot": [
        0.0, 
        0.0, 
        0.0
    ], 
    "degree": 3, 
    "overrideRGBColors": false, 
    "name": "pointed_circle", 
    "cvs": [
        [
            0.0, 
            0.0, 
            2.933180514354026
        ], 
        [
            0.6879109663605202, 
            0.0, 
            1.9429334736219426
        ], 
        [
            0.6879109663605202, 
            0.0, 
            1.9429334736219426
        ], 
        [
            0.6879109663605202, 
            0.0, 
            1.9429334736219426
        ], 
        [
            1.778103037186897, 
            0.0, 
            1.2304181027826713
        ], 
        [
            2.043045786490611, 
            0.0, 
            0.03205623055064233
        ], 
        [
            1.798744850703305, 
            0.0, 
            -1.0466589324241489
        ], 
        [
            0.7288636038199628, 
            0.0, 
            -2.0
        ], 
        [
            -0.7288636038199628, 
            0.0, 
            -2.0
        ], 
        [
            -1.798744850703305, 
            0.0, 
            -1.0466589324241489
        ], 
        [
            -2.043045786490611, 
            0.0, 
            0.03205623055064233
        ], 
        [
            -1.778103037186897, 
            0.0, 
            1.2304181027826713
        ], 
        [
            -0.6879109663605202, 
            0.0, 
            1.9429334736219426
        ], 
        [
            -0.6879109663605202, 
            0.0, 
            1.9429334736219426
        ], 
        [
            -0.6879109663605202, 
            0.0, 
            1.9429334736219426
        ], 
        [
            0.0, 
            0.0, 
            2.933180514354026
        ]
    ], 
    "xform": [
        1.0, 
        0.0, 
        0.0, 
        0.0, 
        0.0, 
        1.0, 
        0.0, 
        0.0, 
        0.0, 
        0.0, 
        1.0, 
        0.0, 
        0.0, 
        0.0, 
        0.0, 
        1.0
    ]
}