{
    "knots": [
        0.0, 
        1.0, 
        2.0, 
        3.0, 
        4.0, 
        5.0, 
        6.0, 
        7.0, 
        8.0, 
        9.0
    ], 
    "form": 0, 
    "overrideColorRGB": [
        0.0, 
        0.0, 
        0.0
    ], 
    "overrideColor": 0, 
    "overrideEnabled": false, 
    "pivot": [
        0.0, 
        0.0, 
        0.0
    ], 
    "degree": 1, 
    "overrideRGBColors": false, 
    "name": "pyramid", 
    "cvs": [
        [
            0.006234634768881182, 
            0.4959534703003189, 
            0.4959534703003189
        ], 
        [
            0.006234634768881182, 
            0.4959534703003189, 
            -0.4959534703003189
        ], 
        [
            0.006234634768881182, 
            -0.4959534703003189, 
            -0.4959534703003189
        ], 
        [
            0.006234634768881182, 
            -0.4959534703003189, 
            0.4959534703003189
        ], 
        [
            0.006234634768881182, 
            0.4959534703003189, 
            0.4959534703003189
        ], 
        [
            0.9981415753695205, 
            0.0, 
            0.0
        ], 
        [
            0.006234634768881182, 
            -0.4959534703003189, 
            0.4959534703003189
        ], 
        [
            0.006234634768881182, 
            -0.4959534703003189, 
            -0.4959534703003189
        ], 
        [
            0.9981415753695205, 
            0.0, 
            0.0
        ], 
        [
            0.006234634768881182, 
            0.4959534703003189, 
            -0.4959534703003189
        ]
    ], 
    "xform": [
        1.0, 
        0.0, 
        0.0, 
        0.0, 
        0.0, 
        1.0, 
        0.0, 
        0.0, 
        0.0, 
        0.0, 
        1.0, 
        0.0, 
        0.0, 
        0.0, 
        0.0, 
        1.0
    ]
}