{
    "knots": [
        -2.0, 
        -1.0, 
        0.0, 
        1.0, 
        2.0, 
        3.0, 
        4.0, 
        5.0, 
        6.0, 
        7.0, 
        8.0, 
        9.0, 
        10.0
    ], 
    "form": 2, 
    "overrideColorRGB": [
        0.0, 
        0.0, 
        0.0
    ], 
    "overrideColor": 0, 
    "overrideEnabled": false, 
    "pivot": [
        0.0, 
        0.0, 
        0.0
    ], 
    "degree": 3, 
    "overrideRGBColors": false, 
    "name": "sharp_4_point_star", 
    "cvs": [
        [
            4.3028001425820526e-18, 
            0.07027005901747052, 
            -0.07027005901747063
        ], 
        [
            -7.74170920797604e-33, 
            1.108194187554388, 
            1.2643170607829326e-16
        ], 
        [
            -4.3028001425820464e-18, 
            0.07027005901747063, 
            0.07027005901747063
        ], 
        [
            -6.785732323110913e-17, 
            3.21126950723723e-16, 
            1.108194187554388
        ], 
        [
            -4.3028001425820464e-18, 
            -0.07027005901747052, 
            0.07027005901747063
        ], 
        [
            -2.0446735801084019e-32, 
            -1.1081941875543881, 
            3.3392053635905195e-16
        ], 
        [
            4.3028001425820464e-18, 
            -0.07027005901747063, 
            -0.07027005901747052
        ], 
        [
            6.785732323110913e-17, 
            -5.952132599280585e-16, 
            -1.108194187554388
        ]
    ], 
    "xform": [
        1.0, 
        0.0, 
        0.0, 
        0.0, 
        0.0, 
        1.0, 
        0.0, 
        0.0, 
        0.0, 
        0.0, 
        1.0, 
        0.0, 
        0.0, 
        0.0, 
        0.0, 
        1.0
    ]
}