{
    "knots": [
        -2.0, 
        -1.0, 
        0.0, 
        1.0, 
        2.0, 
        3.0, 
        4.0, 
        5.0, 
        6.0, 
        7.0, 
        8.0, 
        9.0, 
        10.0
    ], 
    "form": 2, 
    "overrideColorRGB": [
        0.0, 
        0.0, 
        0.0
    ], 
    "overrideColor": 0, 
    "overrideEnabled": false, 
    "pivot": [
        0.0, 
        0.0, 
        0.0
    ], 
    "degree": 3, 
    "overrideRGBColors": false, 
    "name": "squiggle_circle", 
    "cvs": [
        [
            -0.29999999999999993, 
            0.7836116248912238, 
            -0.783611624891225
        ], 
        [
            0.3, 
            1.108194187554388, 
            1.2643170607829326e-16
        ], 
        [
            -0.30000000000000004, 
            0.7836116248912243, 
            0.7836116248912243
        ], 
        [
            0.29999999999999993, 
            3.21126950723723e-16, 
            1.108194187554388
        ], 
        [
            -0.30000000000000004, 
            -0.783611624891224, 
            0.7836116248912245
        ], 
        [
            0.3, 
            -1.1081941875543881, 
            3.3392053635905195e-16
        ], 
        [
            -0.29999999999999993, 
            -0.7836116248912244, 
            -0.7836116248912238
        ], 
        [
            0.30000000000000004, 
            -5.952132599280585e-16, 
            -1.108194187554388
        ]
    ], 
    "xform": [
        1.0, 
        0.0, 
        0.0, 
        0.0, 
        0.0, 
        1.0, 
        0.0, 
        0.0, 
        0.0, 
        0.0, 
        1.0, 
        0.0, 
        0.0, 
        0.0, 
        0.0, 
        1.0
    ]
}