{
    "knots": [
        0.0, 
        1.0, 
        2.0, 
        3.0, 
        4.0, 
        5.0, 
        6.0, 
        7.0, 
        8.0, 
        9.0, 
        10.0
    ], 
    "form": 0, 
    "overrideColorRGB": [
        0.0, 
        0.0, 
        0.0
    ], 
    "overrideColor": 0, 
    "overrideEnabled": false, 
    "pivot": [
        0.0, 
        0.0, 
        0.0
    ], 
    "degree": 1, 
    "overrideRGBColors": false, 
    "name": "star", 
    "cvs": [
        [
            0.0, 
            -0.808685, 
            0.587544
        ], 
        [
            0.0, 
            -0.117124, 
            0.362759
        ], 
        [
            0.0, 
            0.308727, 
            0.950163
        ], 
        [
            0.0, 
            0.308789, 
            0.224351
        ], 
        [
            0.0, 
            1.0, 
            0.0
        ], 
        [
            0.0, 
            0.308789, 
            -0.2259
        ], 
        [
            0.0, 
            0.308789, 
            -0.950355
        ], 
        [
            0.0, 
            -0.117124, 
            -0.366219
        ], 
        [
            0.0, 
            -0.808685, 
            -0.591155
        ], 
        [
            0.0, 
            -0.381065, 
            0.0
        ], 
        [
            0.0, 
            -0.808685, 
            0.587544
        ]
    ], 
    "xform": [
        1.0, 
        0.0, 
        0.0, 
        0.0, 
        0.0, 
        1.0, 
        0.0, 
        0.0, 
        0.0, 
        0.0, 
        1.0, 
        0.0, 
        0.0, 
        0.0, 
        0.0, 
        1.0
    ]
}