{
    "knots": [
        0.0, 
        1.0, 
        2.0, 
        3.0, 
        4.0, 
        5.0, 
        6.0, 
        7.0, 
        8.0, 
        9.0, 
        10.0, 
        11.0, 
        12.0, 
        13.0, 
        14.0, 
        15.0, 
        16.0
    ], 
    "form": 0, 
    "overrideColorRGB": [
        0.0, 
        0.0, 
        0.0
    ], 
    "overrideColor": 0, 
    "overrideEnabled": false, 
    "pivot": [
        0.0, 
        0.0, 
        0.0
    ], 
    "degree": 1, 
    "overrideRGBColors": false, 
    "name": "star_8", 
    "cvs": [
        [
            0.0, 
            0.0, 
            0.99792
        ], 
        [
            0.0, 
            0.291405, 
            0.706516
        ], 
        [
            0.0, 
            0.706233, 
            0.706233
        ], 
        [
            0.0, 
            0.706233, 
            0.292213
        ], 
        [
            0.0, 
            0.99792, 
            0.0
        ], 
        [
            0.0, 
            0.706233, 
            -0.291622
        ], 
        [
            0.0, 
            0.706233, 
            -0.706233
        ], 
        [
            0.0, 
            0.291558, 
            -0.706362
        ], 
        [
            0.0, 
            0.0, 
            -0.99792
        ], 
        [
            0.0, 
            -0.291292, 
            -0.706362
        ], 
        [
            0.0, 
            -0.706233, 
            -0.706233
        ], 
        [
            0.0, 
            -0.706233, 
            -0.292591
        ], 
        [
            0.0, 
            -0.99792, 
            0.0
        ], 
        [
            0.0, 
            -0.706233, 
            0.291574
        ], 
        [
            0.0, 
            -0.706233, 
            0.706233
        ], 
        [
            0.0, 
            -0.291292, 
            0.706335
        ], 
        [
            0.0, 
            0.0, 
            0.99792
        ]
    ], 
    "xform": [
        1.0, 
        0.0, 
        0.0, 
        0.0, 
        0.0, 
        1.0, 
        0.0, 
        0.0, 
        0.0, 
        0.0, 
        1.0, 
        0.0, 
        0.0, 
        0.0, 
        0.0, 
        1.0
    ]
}